layer,path,line,section,ref,followed,text
or/clackamas/_unincorporated,or/clackamas/_unincorporated/zdo.401.txt,95,401.04,401.07,,"2 Permitted uses are subject to the applicable provisions of Subsection 401.07; Section 1000, Development Standards; and Section 1100, Development Review Process. However, uses listed in ORS 215.283(1"
or/clackamas/_unincorporated,or/clackamas/_unincorporated/zdo.406.txt,53,406.04,406.07,,"2 Permitted uses are subject to the applicable provisions of Subsection 406.07; Subsection 406.08; Section 1000, Development Standards; and Section 1100, Development Review Process."
or/clackamas/_unincorporated,or/clackamas/_unincorporated/zdo.406.txt,53,406.04,406.08,,"2 Permitted uses are subject to the applicable provisions of Subsection 406.07; Subsection 406.08; Section 1000, Development Standards; and Section 1100, Development Review Process."
or/clackamas/_unincorporated,or/clackamas/_unincorporated/zdo.510.txt,33,510.03,510.04,,"4 Permitted uses are subject to the applicable provisions of Subsection 510.04, Dimensional Standards, Subsection 510.05, Development Standards, Section 1000, Development Standards, and Section 1100, "
or/clackamas/_unincorporated,or/clackamas/_unincorporated/zdo.511.txt,25,511.03,511.04,,"2 Permitted uses are subject to the applicable provisions of Subsection 511.04, Dimensional Standards, Subsection 511.05, Development Standard, Section 1000, Development Standards, and Section 1100, D"
or/clackamas/_unincorporated,or/clackamas/_unincorporated/zdo.602.txt,25,602.03,602.04,,"2 Permitted uses are subject to the applicable provisions of Subsection 602.04, Dimensional Standards, Subsection 602.05, Development Standards, Section 1000, Development Standards, and Section 1100, "
or/clackamas/lake-oswego,or/clackamas/lake-oswego/50.04.dimensional.txt,1451,50.04.001.3,50.04.003,,"When subdivisions are proposed in the R-W and R-3 zones or multi-family development is proposed in the R-3 zone, the number of lots or dwelling units required shall be determined by dividing the net d"
or/clackamas/lake-oswego,or/clackamas/lake-oswego/50.04.dimensional.txt,1453,50.04.001.3,50.04.003,,"When subdivisions are proposed in the R-2 or R-0 zones or multi-family development is proposed in the R-0 zone, minimum density is computed by multiplying the net developable area by either 20 or 12 p"
or/clackamas/milwaukie,or/clackamas/milwaukie/19.300.base-zones.txt,2680,19.309.2,19.509,,Marijuana and psilocybin production and cultivation facilities are subject to the regulations in Section 19.509.
or/clackamas/milwaukie,or/clackamas/milwaukie/19.300.base-zones.txt,2912,19.310.2,19.509.2,,Warehousing and distribution (marijuana warehousing shall be subject to the security and odor control standards of Subsection 19.509.2).
or/clackamas/milwaukie,or/clackamas/milwaukie/19.300.base-zones.txt,3048,19.310.5,19.509,,Marijuana producers and processors. Marijuana producers and processors shall be subject to the security and odor control standards of Section 19.509.
or/clackamas/milwaukie,or/clackamas/milwaukie/19.600.parking.txt,933,19.607.1,19.505.4,,"No portion of an off-street parking space is allowed within the following areas. These standards do not apply to off-street parking for cottage clusters, which are subject to the standards in Subsecti"
or/clackamas/milwaukie,or/clackamas/milwaukie/19.600.parking.txt,971,19.607.1,19.505.4,,"These standards do not apply to off-street parking for cottage clusters, which are subject to the standards in Subsection 19.505.4; nor to townhouses, which are subject to the standards in Subsection "
or/clackamas/milwaukie,or/clackamas/milwaukie/19.600.parking.txt,971,19.607.1,19.505.5,,"These standards do not apply to off-street parking for cottage clusters, which are subject to the standards in Subsection 19.505.4; nor to townhouses, which are subject to the standards in Subsection "
or/clackamas/west-linn,or/clackamas/west-linn/25.willamette-historic.txt,374,25.070,25.020,,"B. Standards for new construction. The standards in this section apply only to new construction, including new accessory structures, in a historic district. The standards for new construction do not a"
or/clackamas/wilsonville,or/clackamas/wilsonville/4.planning.txt,953,4.001,4.140,,"non-conforming, except as provided in Subsection 4.140(.10)C."
or/clackamas/wilsonville,or/clackamas/wilsonville/4.planning.txt,960,4.001,4.140,,"deemed non-conforming, except as provided in Subsection 4.140(.10)C."
or/clackamas/wilsonville,or/clackamas/wilsonville/4.planning.txt,4102,4.135,4.156.01,,(.13) Signs are subject to the standards of Sections 4.156.01 through 4.156.11.
or/clackamas/wilsonville,or/clackamas/wilsonville/4.planning.txt,4102,4.135,4.156.11,,(.13) Signs are subject to the standards of Sections 4.156.01 through 4.156.11.
or/clackamas/wilsonville,or/clackamas/wilsonville/4.planning.txt,10653,4.135.5,4.400,,A. All principal and conditional uses shall be subject to Section 4.400 through 4.450 (Site
or/clackamas/wilsonville,or/clackamas/wilsonville/4.planning.txt,10691,4.136,4.400,,A. All principal and conditional uses shall be subject to Section 4.400 through 4.450 (Site
or/multnomah/_unincorporated,or/multnomah/_unincorporated/38.residential.txt,506,38.3060,38.3030,,(A) Except as provided in MCC 38.3030 (A)
or/multnomah/_unincorporated,or/multnomah/_unincorporated/39.uf-20.txt,18,39.4751,39.4753,,except as provided in MCC 39.4753(B);
or/multnomah/fairview,or/multnomah/fairview/19.162.txt,151,19.162.020,19.65.050,,"Two hundred feet length and 1,200 feet perimeter in the town center commercial district, except as provided by FMC 19.65.050, Block layout;"
or/multnomah/gresham,or/multnomah/gresham/4.0100.residential.txt,202,4.0120,10.1700,,6. Affordable housing development is subject to the provisions in Section 10.1700.
or/multnomah/gresham,or/multnomah/gresham/4.0100.residential.txt,376,4.0130,10.1700,,3. Minimum density does not apply to affordable housing development. See Section 10.1700.
or/multnomah/gresham,or/multnomah/gresham/4.0400.corridor.txt,256,4.0420,4.0330,,employee density requirement. Industrial developments are subject to standards pertaining to GI in Sections 4.0330
or/multnomah/gresham,or/multnomah/gresham/4.0400.corridor.txt,489,4.0434,10.1700,,15. Minimum residential net density does not apply to affordable housing development. See Section 10.1700.
or/multnomah/gresham,or/multnomah/gresham/4.1100.downtown.txt,551,4.1130,10.1700,,7. Minimum residential net density does not apply to aﬀordable housing development. See Section 10.1700.
or/multnomah/gresham,or/multnomah/gresham/4.1400.pleasant-valley.txt,218,4.1413,4.1414,,5. Commercial uses are subject to the use limitations in Section 4.1414.
or/multnomah/gresham,or/multnomah/gresham/4.1400.pleasant-valley.txt,352,4.1415,10.1700,,1. Minimum net density does not apply to affordable housing development. See Section 10.1700.
or/multnomah/gresham,or/multnomah/gresham/4.1500.springwater.txt,311,4.1508,10.1700,,1. Minimum net density does not apply to affordable housing development. See Section 10.1700.
or/multnomah/portland,or/multnomah/portland/33.130.txt,950,33.130.215,33.120.280,,structures are subject to the multi-dwelling zone standards of Section 33.120.280. The
or/multnomah/portland,or/multnomah/portland/33.140.txt,631,33.140.210,33.140.215,,[1] Does not apply to lot lines that abut lots in the RX zone. See 33.140.215.B.
or/washington/beaverton,or/washington/beaverton/bdc.20.05.residential.txt,422,20.05.15,20.25.05,,minimum and maximum density requirements are subject to Section 20.25.05. This is not intended to exempt
or/washington/beaverton,or/washington/beaverton/bdc.20.15.employment-industrial.txt,129,20.15.15,60.50.05,,3. Except as provided by Section 60.50.05. (Accessory Uses and Structures).
or/washington/hillsboro,or/washington/hillsboro/cdc.12.50.300.parking.txt,435,12.50.350,12.50.360,,3. Parking structures are subject to the design standards in Section 12.50.360.
or/washington/hillsboro,or/washington/hillsboro/cdc.12.60-61.downtown.txt,276,12.61.400,12.23.300,,"The following standards apply in addition to, but supersede, the requirements of Section 12.23.300."
or/washington/hillsboro,or/washington/hillsboro/cdc.12.60-61.downtown.txt,413,12.61.400,12.50.845,,H. Step-Back Requirements. The standards of Section 12.50.845 do not apply in the SCC-DT
or/washington/king-city,or/washington/king-city/kcc.16.114.kingston-terrace.txt,173,16.114.040,16.84.060,,"2 Cottage clusters are subject to the development and design standards in 16.84.060, Cottage clusters."
or/washington/king-city,or/washington/king-city/kcc.16.114.kingston-terrace.txt,2537,16.114.130,16.132,,standards of Chapter 16.132 do not apply to new
or/washington/sherwood,or/washington/sherwood/sdc.16.40.pud.txt,218,16.40.050,16.40.040,,"allowed in the underlying zoning district, except as provided in Sections 16.40.040.D"
or/clackamas/_unincorporated,or/clackamas/_unincorporated/zdo.315.txt,1104,315.04,845,yes,"[9] The development of a triplex, quadplex, townhouse, or cottage cluster is subject to Section 845, Triplexes, Quadplexes, Townhouses, and Cottage Clusters."
or/clackamas/_unincorporated,or/clackamas/_unincorporated/zdo.315.txt,1504,315.04,845,yes,"[12] The minimum and maximum setback standards do not apply in a Resource Protection Area shown on Comprehensive Plan Map X-SV-1, Sunnyside Village Plan Land Use Plan Map. The maximum setback standard"
or/clackamas/_unincorporated,or/clackamas/_unincorporated/zdo.316.txt,31,316.03,316.04,yes,"3 Permitted uses are subject to the applicable provisions of Subsection 316.04, Dimensional Standards; Section 1000, Development Standards; and Section 1100, Development Review Process."
or/clackamas/_unincorporated,or/clackamas/_unincorporated/zdo.316.txt,650,316.04,1015,yes,"[18] A produce stand shall be subject to the parking requirements of Section 1015, Parking and Loading."
or/clackamas/_unincorporated,or/clackamas/_unincorporated/zdo.407.txt,13,407.03,401,yes,"A. Dwellings are subject to the applicable provisions of Section 401 if the predominant use of the subject tract was agriculture on January 1, 1993. Dwellings are subject to the applicable provisions "
or/clackamas/_unincorporated,or/clackamas/_unincorporated/zdo.407.txt,13,407.03,406,yes,"A. Dwellings are subject to the applicable provisions of Section 401 if the predominant use of the subject tract was agriculture on January 1, 1993. Dwellings are subject to the applicable provisions "
or/clackamas/_unincorporated,or/clackamas/_unincorporated/zdo.510.txt,33,510.03,510.05,yes,"4 Permitted uses are subject to the applicable provisions of Subsection 510.04, Dimensional Standards, Subsection 510.05, Development Standards, Section 1000, Development Standards, and Section 1100, "
or/clackamas/_unincorporated,or/clackamas/_unincorporated/zdo.511.txt,25,511.03,511.05,yes,"2 Permitted uses are subject to the applicable provisions of Subsection 511.04, Dimensional Standards, Subsection 511.05, Development Standard, Section 1000, Development Standards, and Section 1100, D"
or/clackamas/_unincorporated,or/clackamas/_unincorporated/zdo.513.txt,29,513.03,513.04,yes,"3 Permitted uses are subject to the applicable provisions of Subsection 513.04, Dimensional Standards; Section 1000, Development Standards; and Section 1100, Development Review Process."
or/clackamas/_unincorporated,or/clackamas/_unincorporated/zdo.602.txt,25,602.03,602.05,yes,"2 Permitted uses are subject to the applicable provisions of Subsection 602.04, Dimensional Standards, Subsection 602.05, Development Standards, Section 1000, Development Standards, and Section 1100, "
or/clackamas/_unincorporated,or/clackamas/_unincorporated/zdo.845.txt,9,845.01,845.02,yes,"2 Exemptions: Subsections 845.02 through 845.04 do not apply to middle housing created through a conversion of the following, provided the conversion does not add any building square footage to the ex"
or/clackamas/west-linn,or/clackamas/west-linn/48.access.txt,67,48.025,48.060,yes,b. Private drives and other access ways are subject to the requirements of CDC 48.060.
or/clackamas/west-linn,or/clackamas/west-linn/48.access.txt,69,48.025,48.060,yes,"7. Number of access points. For single-family (detached and attached) housing types, one street access point is permitted per lot or parcel when alley access cannot otherwise be provided; except that "
or/multnomah/_unincorporated,or/multnomah/_unincorporated/39.efu.txt,1343,39.4245,39.3070,yes,"(A) Except as provided in MCC 39.3070,"
or/multnomah/fairview,or/multnomah/fairview/19.115.txt,31,19.115.020,19.30,yes,"Conflict Clause. If there is a conflict between the standards of the residential (R) district (Chapter 19.30 FMC) and the standards of this chapter, the requirements of this chapter supersede the stan"
or/multnomah/fairview,or/multnomah/fairview/19.115.txt,49,19.115.040,19.30.030,yes,"Lot Size. All VSF lots shall be no less than 4,000 square feet. The 4,000-square-foot-minimum lot size does not apply to townhomes, which lot size is regulated by FMC 19.30.030. Lots with single-unit "
or/multnomah/gresham,or/multnomah/gresham/9.0800.parking.txt,66,9.0802,9.0822,yes,"F. By definition, parking lot design standards (Sections 9.0822 to 9.0840) do not apply to single detached"
or/multnomah/portland,or/multnomah/portland/33.266.txt,275,33.266.120,33.266.130,yes,1. Parking that is in a parking tract is subject to the standards of Section 33.266.130
or/washington/beaverton,or/washington/beaverton/bdc.20.10.commercial.txt,323,20.10.20,20.10.15,yes,Standards of 20.10.15 but are subject to the standards of 60.11 of the Development Code. [ORD 4662; September
or/washington/beaverton,or/washington/beaverton/bdc.20.15.employment-industrial.txt,308,20.15.20,20.15.15,yes,Standards of 20.15.15 but are subject to the standards of 60.11 of the Development Code. [ORD 4662; September
or/washington/beaverton,or/washington/beaverton/bdc.20.20.multiple-use.txt,869,20.20.20,20.20.15,yes,Standards of 20.20.15 but are subject to the standards of 60.11 of the Development Code. [ORD 4662; September
or/washington/beaverton,or/washington/beaverton/bdc.20.22.cooper-mountain.txt,510,20.22.20,20.22.15,yes,Standards of 20.22.15 but are subject to the standards of 60.11 of the Development Code.
or/washington/beaverton,or/washington/beaverton/bdc.70.downtown.txt,230,70.15.10,70.15.10.5,yes,"9, 1999, shall be subject to reduced minimum density and intensity standards. See Section 70.15.10.5 Supplemental"
