"tlid","city","zone","ruling","reason","kind"
"1S103CA02500","or/washington/_unincorporated","R-5","RIGHT","Corner SFR lot 9,577 sf vs 7,000 Quadplex minimum (cdc.302.r-5.txt:340-423); ROW 50 ft both streets (25 to centerline, so no dedication under 302-2.14 C); pod56 slack 16 ft, grade 1.6% (<5%, cdc.413.parking.txt:174); nothing found that fails.",""
"1S118DD00500","or/washington/_unincorporated","R-5","RIGHT","19,034 sf (>16,500 buildable so 302-2.14 B density test: 4 units on 0.44 ac = 9.2 u/ac >= 4, passes); ROW 60 ft (30 to centerline, enough for any class); pod56 slack 97.5 ft, pod80 54 ft; court grade 1.9%.",""
"1N133CD08900","or/washington/_unincorporated","R-5","RIGHT","9,418 sf vs 7,000; local street ROW 68 ft (34 to centerline >= 25); nearest classified road is an Arterial 152 ft away, not on the lot; pod56 slack 10 ft, grade 0.3%; nothing found that fails.",""
"2S109BB00700","or/washington/_unincorporated","R-6","RIGHT","R-6 corner lot 20,914 sf: 303-2.14 B density 4 units / 0.48 ac = 8.3 u/ac >= 5 (cdc.303.r-6.txt:88-92) passes; ROW 50 ft both streets (25 ok); steep ground 3,630 sf is carved out and pod56 slack 19 ft remains, grade 4.2% (<5%).",""
"1S118CB08000","or/washington/_unincorporated","R-5","RIGHT","Corner lot 11,309 sf; Neighborhood Route centerline 24.7 ft off (ROW across 49 ft) so ~5.5 ft dedication is due (302-2.14 C(1)(b), cdc.302.r-5.txt:98), but pod56 slack is 17.5 ft and the building sits 15.5 ft from the NR edge so dedication is absorbed; side street 50 ft ROW ok.",""
"1S201CC12500","or/washington/_unincorporated","R-5","WRONG","302-2.14 C(1)(b) (cdc.302.r-5.txt:98) wants 30 ft to centerline on a Neighborhood Route; county TSP centerline is 26.4 ft from the lot edge so ~3.6 ft must be dedicated (record before first building permit, C(2)); pod56 slack is 0.0 ft (FIT-TIGHT) with the building 14.9 ft from the street, so the fit loses ~3.6 ft (>=1 ft = RED); dedication is not encoded (_unincorporated.yaml).","NEW:ROW dedication to centerline not taken out of the fit"
"1S213DB07700","or/washington/_unincorporated","R-5","RIGHT","Corner lot 10,001 sf; NR centerline 24.0 ft off (ROW ~50) so ~6 ft dedication due; pod56 slack only 3 ft but pod80x25 is also green with slack 12.5 ft and building 15.5 ft from the street, enough to absorb the ~6 ft; side street ROW 55 ft ok.",""
"1S103DA00700","or/washington/_unincorporated","R-5","RIGHT","Single 87 ft frontage on a Collector (TSP class 4, centerline 37.6 ft off, meets the 37 ft of 302-2.14 C(1)(c); even at ROW-across 49.8 ft the ~12 ft dedication is covered by pod56 slack 31 ft). 501-8.5 B(3) lists only commercial/industrial/institutional uses for direct Collector access, but the 501-8.5 preamble says spacing applies to Middle Housing only in the cases of 430-84.3 B(4), and B(4)(c)(ii) covers only lots with more than one frontage, so a single-frontage lot is not caught. See notes.",""
"1S111AB00900","or/washington/_unincorporated","R-5","RIGHT","Corner 12,542 sf, vacant (building 0, year_built 0). NR centerline 25.0 ft off on the 79 ft side segment (ROW across 49.7 => ~5 ft dedication) where the building is 70 ft away and the court 19.1 ft; other frontage ROW 60 ft (30, enough). Steep ground 1,481 sf already carved; pod56 slack 2.0 ft is not on the dedicated edge; grade 4.25% (<5%).",""
"1N120AD09600","or/washington/_unincorporated","R-6","WRONG","303-2.14 C(1)(a) (cdc.303.r-6.txt:97) wants 25 ft to centerline on a local street; roads across are 42 ft (front, 14608 Heathman) and 46 ft (side) wide, so ~4 ft and ~2 ft must be dedicated; pod56 slack is 0.0 ft (FIT-TIGHT) with the building 16.5 ft off the front line vs 15+4 = 19 ft needed, ~2.5 ft short (>=1 ft = RED); dedication is not encoded.","NEW:ROW dedication to centerline not taken out of the fit"
"1S111BD01200","or/washington/_unincorporated","R-5","RIGHT","15,027 sf, single frontage 125 ft on a Neighborhood Route (centerline 26.7 ft off, ROW across 50 ft => ~5 ft dedication) vs pod56 slack 26.5 ft and pod80 29 ft; frontage >= 70 ft so NR access ok; grade 0.7%.",""
